-- phpMyAdmin SQL Dump
-- version 5.1.2
-- https://www.phpmyadmin.net/
--
-- Хост: localhost:3306
-- Время создания: Дек 01 2024 г., 09:32
-- Версия сервера: 5.7.24
-- Версия PHP: 8.3.1

SET SQL_MODE = "NO_AUTO_VALUE_ON_ZERO";
START TRANSACTION;
SET time_zone = "+00:00";


/*!40101 SET @OLD_CHARACTER_SET_CLIENT=@@CHARACTER_SET_CLIENT */;
/*!40101 SET @OLD_CHARACTER_SET_RESULTS=@@CHARACTER_SET_RESULTS */;
/*!40101 SET @OLD_COLLATION_CONNECTION=@@COLLATION_CONNECTION */;
/*!40101 SET NAMES utf8mb4 */;

--
-- База данных: `hairdresser`
--

-- --------------------------------------------------------

--
-- Структура таблицы `appointments`
--

CREATE TABLE `appointments` (
  `appointment_id` int(11) NOT NULL,
  `user_id` int(11) NOT NULL,
  `specialist_id` int(11) NOT NULL,
  `service_id` int(11) NOT NULL,
  `date` date NOT NULL,
  `time` time NOT NULL,
  `status_id` int(11) NOT NULL
) ENGINE=InnoDB DEFAULT CHARSET=utf8mb4;

--
-- Дамп данных таблицы `appointments`
--

INSERT INTO `appointments` (`appointment_id`, `user_id`, `specialist_id`, `service_id`, `date`, `time`, `status_id`) VALUES
(1, 1, 1, 1, '2024-12-01', '10:00:00', 0),
(2, 1, 2, 2, '2024-12-02', '11:00:00', 0);

-- --------------------------------------------------------

--
-- Структура таблицы `roles`
--

CREATE TABLE `roles` (
  `role_id` int(11) NOT NULL,
  `role_name` varchar(100) NOT NULL
) ENGINE=InnoDB DEFAULT CHARSET=utf8;

--
-- Дамп данных таблицы `roles`
--

INSERT INTO `roles` (`role_id`, `role_name`) VALUES
(1, 'Администратор'),
(2, 'Мастер'),
(3, 'Клиент');

-- --------------------------------------------------------

--
-- Структура таблицы `services`
--

CREATE TABLE `services` (
  `service_id` int(11) NOT NULL,
  `service_name` varchar(255) NOT NULL,
  `price` decimal(10,2) NOT NULL,
  `duration` int(11) NOT NULL COMMENT 'Длительность услуги в минутах',
  `specialist_id` int(11) DEFAULT NULL
) ENGINE=InnoDB DEFAULT CHARSET=utf8;

--
-- Дамп данных таблицы `services`
--

INSERT INTO `services` (`service_id`, `service_name`, `price`, `duration`, `specialist_id`) VALUES
(1, 'Стрижка', '1500.00', 60, 1),
(2, 'Окрашивание', '3000.00', 120, 2),
(3, 'Укладка', '1000.00', 45, NULL);

-- --------------------------------------------------------

--
-- Структура таблицы `shifts`
--

CREATE TABLE `shifts` (
  `shift_id` int(11) NOT NULL,
  `master_id` int(11) NOT NULL,
  `date_open` datetime NOT NULL,
  `date_close` datetime NOT NULL,
  `active` tinyint(1) DEFAULT '1'
) ENGINE=InnoDB DEFAULT CHARSET=utf8;

-- --------------------------------------------------------

--
-- Структура таблицы `specialists`
--

CREATE TABLE `specialists` (
  `specialist_id` int(11) NOT NULL,
  `name` varchar(255) NOT NULL,
  `expertise` varchar(255) DEFAULT NULL
) ENGINE=InnoDB DEFAULT CHARSET=utf8mb4;

--
-- Дамп данных таблицы `specialists`
--

INSERT INTO `specialists` (`specialist_id`, `name`, `expertise`) VALUES
(1, 'Иван Иванов', 'Мужские стрижки'),
(2, 'Мария Петрова', 'Женские стрижки'),
(3, 'Анна Смирнова', 'Колористика');

-- --------------------------------------------------------

--
-- Структура таблицы `statuses`
--

CREATE TABLE `statuses` (
  `status_id` int(11) NOT NULL,
  `status_name` varchar(100) NOT NULL
) ENGINE=InnoDB DEFAULT CHARSET=utf8;

--
-- Дамп данных таблицы `statuses`
--

INSERT INTO `statuses` (`status_id`, `status_name`) VALUES
(1, 'Принята'),
(2, 'В процессе'),
(3, 'Завершена'),
(4, 'Отменена'),
(5, 'Принята'),
(6, 'В процессе'),
(7, 'Завершена'),
(8, 'Отменена'),
(9, 'Принята'),
(10, 'В процессе'),
(11, 'Завершена'),
(12, 'Отменена');

-- --------------------------------------------------------

--
-- Структура таблицы `users`
--

CREATE TABLE `users` (
  `user_id` int(11) NOT NULL,
  `name` varchar(255) NOT NULL,
  `login` varchar(255) NOT NULL,
  `password` varchar(255) NOT NULL,
  `photo_file` varchar(255) DEFAULT NULL,
  `role_id` int(11) NOT NULL,
  `active` tinyint(1) DEFAULT '1'
) ENGINE=InnoDB DEFAULT CHARSET=utf8;

--
-- Дамп данных таблицы `users`
--

INSERT INTO `users` (`user_id`, `name`, `login`, `password`, `photo_file`, `role_id`, `active`) VALUES
(1, 'Иван Иванов', 'ivan', 'password', NULL, 3, 1),
(2, 'Мария Петрова', 'maria', 'password', NULL, 2, 1),
(3, 'Администратор', 'admin', 'password', NULL, 1, 1),
(6, 'romka', 'romka', 'q', NULL, 3, 1);

--
-- Индексы сохранённых таблиц
--

--
-- Индексы таблицы `appointments`
--
ALTER TABLE `appointments`
  ADD PRIMARY KEY (`appointment_id`),
  ADD KEY `user_id` (`user_id`),
  ADD KEY `specialist_id` (`specialist_id`),
  ADD KEY `service_id` (`service_id`);

--
-- Индексы таблицы `roles`
--
ALTER TABLE `roles`
  ADD PRIMARY KEY (`role_id`);

--
-- Индексы таблицы `services`
--
ALTER TABLE `services`
  ADD PRIMARY KEY (`service_id`),
  ADD KEY `specialist_id` (`specialist_id`);

--
-- Индексы таблицы `shifts`
--
ALTER TABLE `shifts`
  ADD PRIMARY KEY (`shift_id`),
  ADD KEY `master_id` (`master_id`);

--
-- Индексы таблицы `specialists`
--
ALTER TABLE `specialists`
  ADD PRIMARY KEY (`specialist_id`);

--
-- Индексы таблицы `statuses`
--
ALTER TABLE `statuses`
  ADD PRIMARY KEY (`status_id`);

--
-- Индексы таблицы `users`
--
ALTER TABLE `users`
  ADD PRIMARY KEY (`user_id`),
  ADD UNIQUE KEY `login` (`login`),
  ADD KEY `role_id` (`role_id`);

--
-- AUTO_INCREMENT для сохранённых таблиц
--

--
-- AUTO_INCREMENT для таблицы `appointments`
--
ALTER TABLE `appointments`
  MODIFY `appointment_id` int(11) NOT NULL AUTO_INCREMENT, AUTO_INCREMENT=3;

--
-- AUTO_INCREMENT для таблицы `roles`
--
ALTER TABLE `roles`
  MODIFY `role_id` int(11) NOT NULL AUTO_INCREMENT, AUTO_INCREMENT=4;

--
-- AUTO_INCREMENT для таблицы `services`
--
ALTER TABLE `services`
  MODIFY `service_id` int(11) NOT NULL AUTO_INCREMENT, AUTO_INCREMENT=4;

--
-- AUTO_INCREMENT для таблицы `shifts`
--
ALTER TABLE `shifts`
  MODIFY `shift_id` int(11) NOT NULL AUTO_INCREMENT;

--
-- AUTO_INCREMENT для таблицы `specialists`
--
ALTER TABLE `specialists`
  MODIFY `specialist_id` int(11) NOT NULL AUTO_INCREMENT, AUTO_INCREMENT=4;

--
-- AUTO_INCREMENT для таблицы `statuses`
--
ALTER TABLE `statuses`
  MODIFY `status_id` int(11) NOT NULL AUTO_INCREMENT, AUTO_INCREMENT=13;

--
-- AUTO_INCREMENT для таблицы `users`
--
ALTER TABLE `users`
  MODIFY `user_id` int(11) NOT NULL AUTO_INCREMENT, AUTO_INCREMENT=7;

--
-- Ограничения внешнего ключа сохраненных таблиц
--

--
-- Ограничения внешнего ключа таблицы `appointments`
--
ALTER TABLE `appointments`
  ADD CONSTRAINT `appointments_ibfk_1` FOREIGN KEY (`user_id`) REFERENCES `users` (`user_id`),
  ADD CONSTRAINT `appointments_ibfk_2` FOREIGN KEY (`specialist_id`) REFERENCES `specialists` (`specialist_id`),
  ADD CONSTRAINT `appointments_ibfk_3` FOREIGN KEY (`service_id`) REFERENCES `services` (`service_id`);

--
-- Ограничения внешнего ключа таблицы `services`
--
ALTER TABLE `services`
  ADD CONSTRAINT `services_ibfk_1` FOREIGN KEY (`specialist_id`) REFERENCES `specialists` (`specialist_id`);

--
-- Ограничения внешнего ключа таблицы `shifts`
--
ALTER TABLE `shifts`
  ADD CONSTRAINT `shifts_ibfk_1` FOREIGN KEY (`master_id`) REFERENCES `users` (`user_id`);

--
-- Ограничения внешнего ключа таблицы `users`
--
ALTER TABLE `users`
  ADD CONSTRAINT `users_ibfk_1` FOREIGN KEY (`role_id`) REFERENCES `roles` (`role_id`);
COMMIT;

/*!40101 SET CHARACTER_SET_CLIENT=@OLD_CHARACTER_SET_CLIENT */;
/*!40101 SET CHARACTER_SET_RESULTS=@OLD_CHARACTER_SET_RESULTS */;
/*!40101 SET COLLATION_CONNECTION=@OLD_COLLATION_CONNECTION */;
